{
	"version": "0.3.18", 
	"suite": "unknown_suite", 
	"function_id": 23, 
	"function_name": "Katsuura", 
	"maximization": false, 
	"algorithm": {"name": "globinter_1sig_mulamb", "info": "Practical assignment part2 of the EA course"},
	"attributes": ["evaluations", "raw_y"],
	"scenarios": [
		{"dimension": 10,
		"path": "data_f23_Katsuura/IOHprofiler_f23_DIM10.dat",
		"runs": [
			{"instance": 1, "evals": 25005, "best": {"evals": 1849, "y": 2.270072322213561, "x": [5, -5, -5, 5, -5, 5, -5, 5, -5, -5]}},
			{"instance": 1, "evals": 25005, "best": {"evals": 3438, "y": 2.270072322213561, "x": [5, -5, -5, 5, -5, 5, -5, 5, -5, -5]}},
			{"instance": 1, "evals": 25005, "best": {"evals": 2506, "y": 2.270072322213561, "x": [5, -5, -5, 5, -5, 5, -5, 5, -5, -5]}},
			{"instance": 1, "evals": 25005, "best": {"evals": 3948, "y": 2.270072322213561, "x": [5, -5, -5, 5, -5, 5, -5, 5, -5, -5]}},
			{"instance": 1, "evals": 25005, "best": {"evals": 2322, "y": 2.270072322213561, "x": [5, -5, -5, 5, -5, 5, -5, 5, -5, -5]}},
			{"instance": 1, "evals": 25005, "best": {"evals": 3248, "y": 2.270072322213561, "x": [5, -5, -5, 5, -5, 5, -5, 5, -5, -5]}},
			{"instance": 1, "evals": 25005, "best": {"evals": 2423, "y": 2.270072322213561, "x": [5, -5, -5, 5, -5, 5, -5, 5, -5, -5]}},
			{"instance": 1, "evals": 25005, "best": {"evals": 1076, "y": 2.270072322213561, "x": [5, -5, -5, 5, -5, 5, -5, 5, -5, -5]}},
			{"instance": 1, "evals": 25005, "best": {"evals": 2416, "y": 2.270072322213561, "x": [5, -5, -5, 5, -5, 5, -5, 5, -5, -5]}},
			{"instance": 1, "evals": 25005, "best": {"evals": 1983, "y": 2.270072322213561, "x": [5, -5, -5, 5, -5, 5, -5, 5, -5, -5]}},
			{"instance": 1, "evals": 25005, "best": {"evals": 1682, "y": 2.270072322213561, "x": [5, -5, -5, 5, -5, 5, -5, 5, -5, -5]}},
			{"instance": 1, "evals": 25005, "best": {"evals": 1865, "y": 2.270072322213561, "x": [5, -5, -5, 5, -5, 5, -5, 5, -5, -5]}},
			{"instance": 1, "evals": 25005, "best": {"evals": 1615, "y": 2.270072322213561, "x": [5, -5, -5, 5, -5, 5, -5, 5, -5, -5]}},
			{"instance": 1, "evals": 25005, "best": {"evals": 3022, "y": 2.270072322213561, "x": [5, -5, -5, 5, -5, 5, -5, 5, -5, -5]}},
			{"instance": 1, "evals": 25005, "best": {"evals": 1790, "y": 2.270072322213561, "x": [5, -5, -5, 5, -5, 5, -5, 5, -5, -5]}},
			{"instance": 1, "evals": 25005, "best": {"evals": 2450, "y": 2.270072322213561, "x": [5, -5, -5, 5, -5, 5, -5, 5, -5, -5]}},
			{"instance": 1, "evals": 25005, "best": {"evals": 2627, "y": 2.270072322213561, "x": [5, -5, -5, 5, -5, 5, -5, 5, -5, -5]}},
			{"instance": 1, "evals": 25005, "best": {"evals": 4596, "y": 2.270072322213561, "x": [5, -5, -5, 5, -5, 5, -5, 5, -5, -5]}},
			{"instance": 1, "evals": 25005, "best": {"evals": 3311, "y": 2.270072322213561, "x": [5, -5, -5, 5, -5, 5, -5, 5, -5, -5]}},
			{"instance": 1, "evals": 25005, "best": {"evals": 1292, "y": 2.270072322213561, "x": [5, -5, -5, 5, -5, 5, -5, 5, -5, -5]}}
		]}
	]
}
